HeadYaw, HeadPitch, LShoulderPitch, LShoulderRoll, LElbowYaw, LElbowRoll, LWristYaw, LHipYawPitch, LHipRoll, LHipPitch, LKneePitch, LAnklePitch, LAnkleRoll, RHipYawPitch, RHipRoll, RHipPitch, RKneePitch, RAnklePitch, RAnkleRoll, RShoulderPitch, RShoulderRoll, RElbowYaw, RElbowRoll, RWristYaw
-0.151907920837, -0.0184500217438, 1.45572412014, 0.458624124527, -1.1904258728, -1.3406740427, -1.13980388641, -0.0643861293793, -0.127279996872, 0.00157594680786, -0.0123138427734, 0.0383081436157, 0.104353904724, -0.0643861293793, -0.144154071808, 0.0459780693054, 0.00464391708374, -0.0260360240936, 0.161112070084, 1.46654605865, -0.447969913483, 1.1796040535, 0.615175962448, -0.213268041611
