'HeadYaw', 'HeadPitch', 'LShoulderPitch', 'LShoulderRoll', 'LElbowYaw', 'LElbowRoll', 'LWristYaw', 'LHipYawPitch', 'LHipRoll', 'LHipPitch', 'LKneePitch', 'LAnklePitch', 'LAnkleRoll', 'RHipYawPitch', 'RHipRoll', 'RHipPitch', 'RKneePitch', 'RAnklePitch', 'RAnkleRoll', 'RShoulderPitch', 'RShoulderRoll', 'RElbowYaw', 'RElbowRoll', 'RWristYaw'
0.0, 0.0, 1.5476394891738892, 0.1388729065656662, -1.5734877586364746, -0.044828496873378754, 2.802596928649634e-45, 0.0, 0.0, 0.0, 0.0, 0.0, 0.0, 0.0, 0.0, 0.0, 0.0, 0.0, 0.0, 1.5476394891738892, -0.1388729065656662, 1.5734877586364746, 0.044828496873378754, -2.802596928649634e-45
0.0, 0.0, 1.5688376426696777, 0.2923908233642578, -1.5713016986846924, -0.0356820672750473, 2.802596928649634e-45, 0.0, 0.0, 0.0, 0.0, 0.0, 0.0, 0.0, 0.0, 0.0, 0.0, 0.0, 0.0, 1.5688376426696777, -0.2923908233642578, 1.5713016986846924, 0.0356820672750473, -2.802596928649634e-45
0.0, 0.0, 1.5707961320877075, 0.5235989093780518, -1.5707966089248657, -0.03490659222006798, 2.802596928649634e-45, 0.0, 0.0, 0.0, 0.0, 0.0, 0.0, 0.0, 0.0, 0.0, 0.0, 0.0, 0.0, 1.5707961320877075, -0.5235989093780518, 1.5707966089248657, 0.03490659222006798, -2.802596928649634e-45
0.0, 0.0, 1.5707961320877075, 0.7853980660438538, -1.5707966089248657, -0.03490659222006798, 2.802596928649634e-45, 0.0, 0.0, 0.0, 0.0, 0.0, 0.0, 0.0, 0.0, 0.0, 0.0, 0.0, 0.0, 1.5707961320877075, -0.7853980660438538, 1.5707966089248657, 0.03490659222006798, -2.802596928649634e-45
0.0, 0.0, 1.5707961320877075, 1.0471973419189453, -1.5707966089248657, -0.03490659222006798, 2.802596928649634e-45, 0.0, 0.0, 0.0, 0.0, 0.0, 0.0, 0.0, 0.0, 0.0, 0.0, 0.0, 0.0, 1.5707961320877075, -1.0471973419189453, 1.5707966089248657, 0.03490659222006798, -2.802596928649634e-45
0.0, 0.0, 1.5707961320877075, 1.3089966773986816, -1.5707966089248657, -0.03490659222006798, 2.802596928649634e-45, 0.0, 0.0, 0.0, 0.0, 0.0, 0.0, 0.0, 0.0, 0.0, 0.0, 0.0, 0.0, 1.5707961320877075, -1.3089966773986816, 1.5707966089248657, 0.03490659222006798, -2.802596928649634e-45
0.0, 0.0, 1.568508267402649, 0.18840038776397705, -1.5726478099822998, -1.4830653667449951, 2.802596928649634e-45, 0.0, 0.0, 0.0, 0.0, 0.0, 0.0, 0.0, 0.0, 0.0, 0.0, 0.0, 0.0, 1.568508267402649, -0.18840038776397705, 1.5726478099822998, 1.4830653667449951, -2.802596928649634e-45
